,precision,recall,f1-score,support
different,0.9219149653364536,0.9963460073977372,0.957653465550824,383.2
same,0.987447857681639,0.7762931034482758,0.8688374824600243,144.8
macro avg,0.9546814115090463,0.8863195554230066,0.9132454740054243,528.0
weighted avg,0.9398899531652392,0.9359848484848486,0.9332898360070931,528.0
