,fold,precision,recall,f1-score,support,total
0,1,0.9811320754716981,0.5909090909090909,0.7375886524822695,88.0,386.0
1,2,0.9056603773584906,0.5454545454545454,0.6808510638297872,88.0,386.0
2,3,0.8888888888888888,0.36363636363636365,0.5161290322580644,88.0,386.0
3,4,0.9361702127659575,0.5057471264367817,0.6567164179104479,87.0,386.0
4,5,0.9122807017543859,0.5977011494252874,0.7222222222222223,87.0,386.0
