,fold,precision,recall,f1-score,support,total
0,1,1.0,0.8252427184466019,0.9042553191489361,103.0,394.0
1,2,0.9879518072289156,0.7961165048543689,0.8817204301075269,103.0,394.0
2,3,0.9866666666666667,0.7184466019417476,0.8314606741573034,103.0,394.0
3,4,0.9880952380952381,0.8058252427184466,0.8877005347593583,103.0,393.0
4,5,0.9764705882352941,0.8137254901960784,0.8877005347593584,102.0,393.0
