,fold,precision,recall,f1-score,support,total
0,1,0.8917525773195877,0.4516971279373368,0.5996533795493934,383.0,1445.0
1,2,0.8995433789954338,0.5143603133159269,0.6544850498338871,383.0,1445.0
2,3,0.9417040358744395,0.5497382198952879,0.694214876033058,382.0,1445.0
3,4,0.8732394366197183,0.4869109947643979,0.6252100840336134,382.0,1444.0
4,5,0.8905472636815921,0.468586387434555,0.6140651801029159,382.0,1444.0
