,fold,precision,recall,f1-score,support,total
0,1,1.0,0.8240740740740741,0.9035532994923858,108.0,396.0
1,2,1.0,0.8130841121495327,0.8969072164948454,107.0,396.0
2,3,1.0,0.794392523364486,0.8854166666666666,107.0,396.0
3,4,1.0,0.8037383177570093,0.8911917098445596,107.0,396.0
4,5,1.0,0.8317757009345794,0.9081632653061225,107.0,395.0
